story_name	text_file	summary
CH_002_牛郎织女	datasets/ChineseTales/texts/CH_002_牛郎织女.txt	The story follows织女, a celestial weaver, and牛郎, a mortal cowherd, who fall in love and marry despite being separated by the Milky Way. Their union is shattered when the Queen Mother intervenes, forcing them apart. Moved by their enduring love, the heavens allow them to reunite once a year on the seventh night of the seventh month via a magpie bridge. Their tale is immortalized as the stars织女星 and牵牛星, symbolizing eternal, unyielding love.
CH_003_孟姜女哭长城	datasets/ChineseTales/texts/CH_003_孟姜女哭长城.txt	The story follows Qin Shi Huang's quest for immortality, which leads to a cryptic warning about his dynasty's downfall. Meanwhile, the emperor orders the construction of the Great Wall, sparking a tragic tale of Wan Xilaing, a fugitive forced into labor, and Meng Jiangnü, a woman who searches for her husband. After learning of his death, she mourns so fiercely the wall collapses, confronts the emperor, and ultimately sacrifices herself, becoming a celestial being. The narrative weaves themes of tyranny, love, and rebellion.
CH_004_梁山伯与祝英台	datasets/ChineseTales/texts/CH_004_梁山伯与祝英台.txt	Zhu Yingtai, a clever and spirited girl from a strict family, disguises herself as a boy to attend school and meets Liang Shanbo, with whom she forms a deep bond. When she must return home, her father arranges a marriage to a wealthy suitor, leading to her heartbreak and Liang's tragic death. Their love story culminates in their deaths and a supernatural reunion, symbolizing their eternal connection.
CH_005_白蛇传	datasets/ChineseTales/texts/CH_005_白蛇传.txt	The story follows a white snake, Bai Suzhen, who transforms into a human to repay a debt to a shepherd who saved her. After marrying Xu Xian and facing persecution from the monk Fa Hai, she floods the area to rescue him, leading to her imprisonment under a tower. Her son's success as a状元 eventually frees her, and the couple achieves enlightenment, flying away together. Key themes include redemption, love, and the clash between mortal and supernatural realms.
CH_006_花木兰从军	datasets/ChineseTales/texts/CH_006_花木兰从军.txt	Hua Mulan, a skilled warrior, disguises herself as a man to replace her aging father in the army during a time of war. After years of bravery and victories, including capturing an enemy leader, she returns home to care for her family, choosing humility over glory. Her story becomes legendary, celebrated for her loyalty, courage, and filial devotion.
CH_007_嫦娥奔月	datasets/ChineseTales/texts/CH_007_嫦娥奔月.txt	In ancient times, the hero Hou Yi shot down nine of ten scorching suns to save humanity, leaving one to govern the day. When his wife Chang'e swallowed the elixir of immortality to prevent the treacherous disciple Feng Meng from stealing it, she flew to the moon, inspiring the Mid-Autumn Festival. Hou Yi, heartbroken, chased her futilely, and villagers honored her memory by celebrating the lunar harvest festival. The tale highlights sacrifice, loyalty, and the origins of cultural tradition.
CH_008_盘古开天	datasets/ChineseTales/texts/CH_008_盘古开天.txt	In the primordial chaos, Pangu, a cosmic giant, splits the dark, undifferentiated universe with his axe, separating heaven and earth. He stands between them, growing as they expand for 18,000 years until he dies, his body transforming into natural elements like mountains, rivers, and stars, creating a vibrant, ordered world. His sacrifice ensures the cosmos remains divided and beautiful.
CH_009_女娲补天	datasets/ChineseTales/texts/CH_009_女娲补天.txt	"The story recounts the creation of the world by Pangu, whose body formed natural elements, followed by Nüwa shaping humans from clay and establishing marriage to ensure human continuity. After a catastrophic battle caused the sky to collapse and floods to ravage the earth, Nüwa sacrificed herself to mend the sky with five-colored stones and stabilize the world, ultimately restoring harmony. Her deeds left lasting marks, such as the tilted sky and rivers flowing east, and she is revered as the ""Mother of Humanity"" and ""Marriage Goddess."""
CH_010_沉香救母	datasets/ChineseTales/texts/CH_010_沉香救母.txt	"In ancient times, the goddess Nüwa crafted the mystical Potala Lamp, which became a coveted treasure. After being gifted to the Queen Mother of Heaven, the lamp was eventually claimed by her daughter Sanmǔ, who defied heavenly laws by marrying a mortal. Their son, Chénxiāng, later rescued her by defeating the god Erlang and splitting the mountain to free her, symbolizing filial devotion and the triumph of love over divine decree. The story concludes with Sanmǔ's redemption and the creation of the ""Filial Son Peak"" as a testament to their bond."
CH_011_精卫填海	datasets/ChineseTales/texts/CH_011_精卫填海.txt	"The story recounts the tragic tale of Nüwa, the daughter of the Yan Emperor, who drowned in the East Sea while attempting to visit it despite her father's absence. Her spirit transformed into the Jingwei bird, which vowed to fill the sea with stones and branches to avenge her death and prevent future tragedies. Despite the sea's mockery, Jingwei's relentless determination symbolizes unwavering resolve, inspiring the enduring metaphor ""Jingwei fills the sea"" to represent heroic, persistent efforts against insurmountable odds."
CH_012_后羿射日	datasets/ChineseTales/texts/CH_012_后羿射日.txt	In ancient times, ten suns, each embodied as a bird, caused catastrophic heat and destruction when they rose together, devastating Earth and its creatures. The hero Hou Yi, a skilled archer, bravely shot down nine suns, leaving one to restore balance and sustain life. His act saved humanity and nature, earning him divine recognition as a celestial guardian. The story underscores themes of sacrifice, harmony, and the cyclical renewal of life through the sun's return.
CH_013_哪吒闹海	datasets/ChineseTales/texts/CH_013_哪吒闹海.txt	In the late Shang Dynasty, General Li Jing of Chantang Garrison marries Yinshi, and their third son, Nezha, is born with divine artifacts from Taoist priest Taibitian. Nezha's reckless battles with sea dragons provoke a deadly conflict, leading Li Jing to punish him, but Nezha's resurrection and heroic deeds in the war against King Zhou restore his family's honor. Nezha, along with his brothers Jin吒 and Mu吒, becomes a key figure in the rebellion, ultimately achieving immortality and reconciling with his father.
CH_014_武松打虎	datasets/ChineseTales/texts/CH_014_武松打虎.txt	"Wu Song, a strong and defiant traveler, drinks excessive amounts of potent ""outdoor reverse"" wine at an inn, ignoring warnings about its strength and the danger of the nearby Jingyang Ridge. After consuming fifteen bowls, he ignores a taverner's advice and ventures onto the mountain, where he confronts a ferocious tiger. In a fierce battle, Wu Song defeats the beast by outmaneuvering its attacks and delivering a fatal blow, ultimately proving his bravery and strength."
CH_015_大禹治水	datasets/ChineseTales/texts/CH_015_大禹治水.txt	"The story recounts the legendary efforts of Yao, Shun, and Yu to control the Yellow River's floods. After failed attempts by Gun, Shun appointed Yu, who innovatively diverted water to the sea using疏导 methods, overcoming the disaster through perseverance and sacrifice. Yu's 13-year campaign, marked by his ""three times passing his home without entering,"" culminated in flood control and agricultural prosperity, establishing him as the first Xia dynasty ruler."
CH_016_愚公移山	datasets/ChineseTales/texts/CH_016_愚公移山.txt	The story follows Yu Gong, an elderly man determined to remove two mountains blocking his path, despite skepticism from his wife and the智叟. He mobilizes his family and neighbors, persistently moving earth to the sea, which eventually moves the gods to assist, relocating the mountains and clearing the path. The tale highlights perseverance and the triumph of collective effort over insurmountable obstacles.
CH_017_田螺姑娘	datasets/ChineseTales/texts/CH_017_田螺姑娘.txt	In the Jin Dynasty, the orphaned Shao Rui, raised by compassionate neighbors, grows up to live independently through hard work. He discovers a magical giant snail, which turns out to be the celestial Shu Nu, who secretly cooks for him to help him prosper. After revealing her divine identity, Shu Nu departs, leaving him a snail shell to store grain. Grateful, Shao Rui eventually thrives, marries, becomes a county magistrate, and establishes a temple to honor Shu Nu's aid.
CH_018_聚宝盆	datasets/ChineseTales/texts/CH_018_聚宝盆.txt	In early Ming Dynasty Shandong, a famine forces farmer Huā Liánɡ and his family to migrate, where his wife Liánghuā’s skill in making noodles earns her a reputation. They discover a magical pot that multiplies food, using it responsibly to sustain their family and aid neighbors. After their deaths, their sons’ greed over the pot leads to tragedy, as the brothers’ attempts to exploit it result in their demise, while the youngest, who avoids greed, loses the pot, leaving the family to live modestly.
CH_019_七仙女和仙浴潭	datasets/ChineseTales/texts/CH_019_七仙女和仙浴潭.txt	"The story follows seven celestial仙女 who seek a tranquil retreat and discover the ""Heavenly Bath Pool,"" where they encounter a mortal family with seven sons. Moved by their sincerity and devotion, the仙女 agree to marry the brothers, but to evade divine punishment, they transform into seven rocks, their forms immortalized in the landscape. The tale blends romance, sacrifice, and the legend of the ""Seven Fairy Rocks,"" symbolizing eternal love and the union of heaven and earth."
CH_021_叶限(中国灰姑娘)	datasets/ChineseTales/texts/CH_021_叶限(中国灰姑娘).txt	In ancient times, Ye Xian, a clever girl mistreated by her stepmother, was aided by a magical golden fish that granted her wealth. After the fish was killed by her stepmother, a deity gifted her a fish bone to fulfill wishes, leading to her rise as a queen in the foreign kingdom of Tuo Han. However, the kingdom’s greed and the fish bone’s eventual loss caused disaster, while Ye Xian’s stepmother and sister met tragic ends, leaving a shrine for prayers.
CH_022_画皮	datasets/ChineseTales/texts/CH_022_画皮.txt	A scholar named Wang rescues a beautiful woman fleeing a cruel marriage, only to discover she is a demon disguised as a human. After a道士 warns him, Wang confronts the demon, who kills him by stealing his heart. A madman's bizarre intervention—having Wang's wife consume the demon's saliva—revives Wang, revealing the moral that humans foolishly mistake demons for beauty and ignore warnings. The story critiques greed and the consequences of failing to discern truth from illusion.
CH_023_劳山道士	datasets/ChineseTales/texts/CH_023_劳山道士.txt	A scholar named Wang seeks spiritual enlightenment on Mount Laoshan, enduring grueling labor under a Daoist master. During a night, the master demonstrates supernatural wonders, including a moon made of paper and a moon goddess, but refuses to teach him magic. When Wang later attempts the wall-piercing trick at home, it fails due to his lack of sincerity, leading to humiliation. The story critiques those who pursue power without genuine humility, warning of the consequences of greed and superficial ambition.
CH_024_促织(蟋蟀)	datasets/ChineseTales/texts/CH_024_促织(蟋蟀).txt	In the Ming Dynasty, a poor scholar named Cheng Ming is forced to collect crickets for the imperial tribute, leading to his financial ruin. After years of struggle, he discovers a powerful cricket that brings him sudden wealth and social status, despite initial hardships. The story critiques the corrupt tribute system and highlights how a simple cricket can transform lives, ending with a moral on the emperor's influence and bureaucratic greed. The cricket's success even saves Cheng's son and elevates his family's fortunes.
CH_025_东郭先生与狼	datasets/ChineseTales/texts/CH_025_东郭先生与狼.txt	Hsieh Chien-tzu, a Jin state official, encounters a wounded wolf during a hunt and shoots it, but the wolf escapes. Tung Tso, a scholar lost in the wilderness, reluctantly hides the wolf in a bag to avoid offending Hsieh Chien-tzu, despite his moral conflict. The wolf betrays Tung Tso, leading to a confrontation where a wise old man intervenes, tricking the wolf into being recaptured and killed, criticizing Tung Tso for his naivety in saving a treacherous creature.
CH_026_聂小倩	datasets/ChineseTales/texts/CH_026_聂小倩.txt	Ning Caichen, a virtuous man from Zhejiang, stays in a temple where he meets a mysterious swordsman, Yan Chixia, and later encounters Nie Xiaoqian, a ghost girl tormented by a demon. After learning her tragic backstory, Ning helps her escape by retrieving her remains and protecting her from supernatural threats. Their bond leads to a peaceful life together, culminating in Ning's success and a family, while the demon is vanquished through a magical sword. The story highlights themes of integrity, supernatural conflict, and redemption.
CH_027_成仙	datasets/ChineseTales/texts/CH_027_成仙.txt	Two scholars, Zhou and Cheng, share a lifelong friendship despite their differing circumstances. After Zhou faces legal persecution due to a feud with a powerful family, Cheng risks everything to clear his name, ultimately vanquishing the corrupt magistrate. Their bond deepens as Zhou confronts his wife's infidelity in a dream, only to discover Cheng has vanished, leaving behind a magical legacy that transforms their lives through a mysterious letter turning into gold. The story explores loyalty, justice, and the transformative power of friendship.
CH_028_侠女	datasets/ChineseTales/texts/CH_028_侠女.txt	Gu Sheng, a poor yet talented man unable to marry due to his mother's care, forms a bond with a mysterious, serious young woman next door, later revealed to be a fox spirit. She helps him by secretly bearing his child after her mother's death, fulfilling her duty to repay his kindness. After leaving, her son thrives, while Gu Sheng's life ends tragically, underscoring the tale's moral about the necessity of a female warrior before a male lover.
CH_198_董永与七仙女	datasets/ChineseTales/texts/CH_198_董永与七仙女.txt	The story follows the youngest of the Seven Fairy Sisters, who descends to Earth and marries the filial servant Douyong after weaving a miraculous cloud silk to save their lives. Their brief happiness is shattered when heaven discovers her absence, forcing her to return to the celestial realm and leave Douyong behind, with their unborn child and a heart-wrenching farewell under the now-silent old槐树. The tale ends in tragic separation, echoing the myth of the Cowherd and Weaver Girl.
CH_301_神犬盘瓠	datasets/ChineseTales/texts/CH_301_神犬盘瓠.txt	During the reign of King Gaoxin, a golden worm curing the queen's ear pain transforms into a dog named Panhu, who later beheads the rebel Fang Wang to save the kingdom. After refusing food and transforming into a human with a dog head, Panhu marries the princess, and their descendants found four surnames—Pan, Lan, Lei, and Zhong—becoming the ancestors of a nation. The story highlights Panhu's loyalty, transformation, and the origins of a royal lineage.
EN_001_ Cinderella	datasets/EnglishTales/texts/EN_001_ Cinderella.txt	A poor stepdaughter, Cinderella, is mistreated by her cruel stepfamily but remains pious, aided by her late mother's grave and a magical bird. She attends a royal ball with help from the bird, wins the prince's heart, and outsmarts her stepsisters in a shoe test, ultimately marrying the prince while her wicked family is punished for their cruelty.
EN_001_The_Lion_and_the_Crane	datasets/IndianTales/texts/EN_001_The_Lion_and_the_Crane.txt	The Bodhisatta, as a white crane, saves a lion's life by removing a bone stuck in its throat, but the ungrateful lion fails to reciprocate. The crane departs, warning that true friendship requires mutual respect, not one-sided service. The Buddha later reveals the lion was Devadatta and the crane was himself, illustrating the futility of expecting gratitude from the unkind.
EN_002_How_the_Raja's_Son_won_the_Princess_Labam	datasets/IndianTales/texts/EN_002_How_the_Raja's_Son_won_the_Princess_Labam.txt	The prince defies his mother's warning to avoid the fourth side of his kingdom, embarking on a journey where he encounters magical creatures and objects—like a talking parrot, a tiger, and enchanted items—that aid him. After overcoming the king's deadly trials, including crushing mustard seeds, defeating demons, and cutting a tree trunk, he wins Princess Labam's hand in marriage, uniting their realms and living happily with her.
EN_003_The Lambikin	datasets/IndianTales/texts/EN_003_The Lambikin.txt	Lambikin, a playful lamb, evades predators by claiming he's heading to Granny's to grow fat, tricking them into letting him pass. After gaining weight in a corn-bin, he tricks Granny into making a drumikin from his brother's skin to disguise himself. Though he deceives animals into believing he's dead, the Jackal ultimately recognizes his voice, tears open the drumikin, and devours him.
EN_004_Punchkin	datasets/IndianTales/texts/EN_004_Punchkin.txt	The story follows a Raja's seven clever daughters, particularly the youngest, Balna, who warns against a widow's deceitful schemes. After the stepmother poisons their meals and imprisons them, Balna's son embarks on a quest to rescue his family, defeating a magician by outwitting him and freeing his father, uncles, and Balna. The tale concludes with the family reunited and living happily, overcoming the stepmother's cruelty and magical curses.
EN_005_The_Broken_Pot	datasets/IndianTales/texts/EN_005_The_Broken_Pot.txt	A miserly Brahman named Svabhavakripana devises an elaborate plan to amass wealth through livestock and property, envisioning a future filled with riches and family. However, his obsessive focus on this scheme leads him to accidentally kick a pot of rice, spilling it and drenching himself, symbolizing the folly of impractical future planning. The story concludes with a moral warning that foolish aspirations can result in ruin, as exemplified by his white, rice-covered state.
EN_006_The_Magic_Fiddle	datasets/IndianTales/texts/EN_006_The_Magic_Fiddle.txt	The story follows seven brothers and their sister, who is unjustly persecuted by her嫂s for being the family cook. After being drowned by a vengeful Bonga, she is transformed into a bamboo, which a Jogi turns into a fiddle. The instrument's haunting music wins the heart of a chief's son, leading to a union between the Bonga girl and the chief, while her brothers ultimately confront her and learn of her plight, ending in poetic revenge.
EN_007_The_Cruel_Crane_Outwitted	datasets/IndianTales/texts/EN_007_The_Cruel_Crane_Outwitted.txt	The crane tricks a group of fish into following him to a lush pond, where he eats them all, leaving only a crab. The crab outwits the crane by threatening to kill him, leading to the crane's demise. The story concludes with the Genius of the tree praising the crab's cunning over the crane's deceit, highlighting the moral that cleverness in deceit does not guarantee success.
EN_008_The_Tiger_the_Brahman_and_the_Jackal	datasets/IndianTales/texts/EN_008_The_Tiger_the_Brahman_and_the_Jackal.txt	A tiger, trapped in a cage, begs a Brahman to free him, promising servitude, but after escaping, he attacks the Brahman. The Brahman seeks wisdom from a tree, buffalo, and road, all of which reject his plea. When a jackal fails to grasp the situation, the tiger grows frustrated, and the jackal cleverly traps him again, leaving the Brahman unharmed. The story highlights themes of betrayal, misplaced trust, and the futility of seeking justice from indifferent entities.
EN_009_Harisarman	datasets/IndianTales/texts/EN_009_Harisarman.txt	"Harisarman, a poor and foolish Brahman, gains respect by falsely claiming magical knowledge, tricking Sthuladatta to recover a stolen horse. When accused of theft, he pretends to divine the treasure's location, leading to his reward. Later, using his childhood nickname ""Froggie,"" he outwits a king's test, securing further riches despite his deceit. The story highlights his cunning and the irony of his success through pretended wisdom."
EN_010_The_Talkative_Tortoise	datasets/IndianTales/texts/EN_010_The_Talkative_Tortoise.txt	The future Buddha, seeking to cure a talkative king, uses a parable of a tortoise who, unable to hold his tongue, falls to his death while being carried by wild ducks. The story illustrates the dangers of excessive speech, as the king realizes his own behavior is mirrored in the tortoise's fate. The Buddha advises the king to speak sparingly, leading him to adopt a more measured approach. The tale underscores the consequences of unchecked chatter through a symbolic narrative.
EN_011_The_Gold_giving_Serpent	datasets/IndianTales/texts/EN_011_The_Gold_giving_Serpent.txt	A poor Brahman, Haridatta, offers milk to a snake he believes is his field's guardian, earning gold daily. His son, driven by greed, kills the snake, leading to his own death. Upon returning, Haridatta is confronted by the serpent, which condemns his son's actions and gifts him a pearl before vanishing, warning him never to return. The story highlights greed's consequences and the clash between devotion and selfishness.
EN_012_A_Lesson_for_Kings	datasets/IndianTales/texts/EN_012_A_Lesson_for_Kings.txt	Prince Brahma-datta, a just ruler of Benares, ruled with unparalleled fairness, leading to a court free of litigation. Seeking self-improvement, he searched for faults but found none, as did King Mallika of Kosala, who also ruled righteously. Their encounter in a narrow path revealed their equal virtue, prompting mutual respect and allowing Brahma-datta to proceed, symbolizing the triumph of justice over ego.
EN_013_Pride_goeth_before_a_Fall	datasets/IndianTales/texts/EN_013_Pride_goeth_before_a_Fall.txt	"Ten cloth merchants are robbed by three bandits in a forest and forced to dance. One clever merchant uses a coded song, employing trade terms (""enty"" = ten, ""erith"" = three, ""eno"" = one), to signal his companions to attack the robbers in groups of three. The merchants outwit and bind the thieves, reclaiming their belongings and weapons, then return home to share their triumph."
EN_014_The_Ass_in_the_Lion's_Skin	datasets/IndianTales/texts/EN_014_The_Ass_in_the_Lion's_Skin.txt	In ancient Benares, the future Buddha, born into a peasant family, witnessed a hawker trick villagers into mistaking an ass dressed in a lion's skin for a dangerous beast. When the villagers attack the ass upon discovering its true identity, the Buddha delivers a verse condemning its false bravado, leading to the ass's death. The story critiques deception and the consequences of misplaced fear, highlighting the Buddha's wisdom and the folly of the villagers.
EN_015_The_Farmer_and_the_Money_lender	datasets/IndianTales/texts/EN_015_The_Farmer_and_the_Money_lender.txt	A farmer, oppressed by a cunning money-lender, journeys to find Ram, who gifts him a magical conch to grant wishes. The money-lender steals the conch, demanding half the farmer's gains, leading to a bitter compromise. When drought strikes, the farmer uses the conch to create wells, but the money-lender gains double, driving him to a desperate act: blinding himself to outwit the lender, who drowns in the resulting chaos. The tale ends with the farmer's victory, albeit at the cost of his eye.
EN_016_The_Prince_and_the_Fakir	datasets/IndianTales/texts/EN_016_The_Prince_and_the_Fakir.txt	A childless King lies at a crossroads seeking redemption, meeting a Fakir who offers him two sons in exchange for a sweetmeat. The King hides his sons, but when the Fakir returns, the King deceitfully presents slave-boys instead. A test with ants reveals the true sons, leading to the Fakir's demise and the King's son freeing imprisoned creatures. The prince, revealed as the Fakir, marries the King's daughter and inherits the kingdom, fulfilling his destiny.
EN_017_How_Sun_Moon_and_Wind_went_out_to_Dinner	datasets/IndianTales/texts/EN_017_How_Sun_Moon_and_Wind_went_out_to_Dinner.txt	The story follows Sun, Moon, and Wind, who dine with their uncle and aunts, neglecting their mother, Star. Greedy Sun and Wind consume all the food, while Moon secretly saves portions for her mother. Upon returning, Moon reveals her saved meal, leading Star to curse Sun and Wind for their selfishness, making them harsh and hated, while blessing Moon for her kindness, ensuring her gentle light. The tale explains why the Sun is scorching, the Wind is harsh, and the Moon remains cool and beloved.
EN_018_How_the_Wicked_Sons_were_Duped	datasets/IndianTales/texts/EN_018_How_the_Wicked_Sons_were_Duped.txt	"An elderly man, mistreated by his greedy sons after inheriting his wealth, seeks help from a friend. The friend tricks the sons into believing the father has hidden valuable riches, prompting them to treat him kindly out of fear of losing their newfound ""inheritance."" When the man dies, the sons discover the ""treasures"" are merely stones, revealing their insatiable greed and the futility of their actions."
EN_019_The_Pigeon_and_the_Crow	datasets/IndianTales/texts/EN_019_The_Pigeon_and_the_Crow.txt	The story follows a pigeon and a greedy crow in a kitchen, where the crow deceives the pigeon into sharing food while secretly stealing scraps. When the cook catches the crow stealing fish, he punishes him by plucking his feathers and leaving him to die. The pigeon mocks the crow's fate, highlighting the consequences of greed and deceit.
EN_020_The_Demon_with_the_Matted_Hair	datasets/IndianTales/texts/EN_020_The_Demon_with_the_Matted_Hair.txt	The Bodhisatta, a royal prince prophesied to rule with wisdom and mastery of the five weapons, journeys to Takkasila to learn combat. After acquiring the weapons, he confronts the Demon with Matted Hair in a forest, outwitting him by using his skills and wisdom to subdue the creature, who is ultimately frightened by the prince's moral strength. The Bodhisatta returns to rule justly, embodying virtue and guiding others toward righteousness before passing away peacefully.
jp_001	datasets/Japanese/texts/jp_001.txt	In this traditional Japanese folktale, an elderly couple discovers a magical peach that births their son, Momotaro, who grows up to defeat ogres on a distant island. Accompanied by a dog, monkey, and crow, he sails to the island, defeats the ogres with their help, and returns home with treasures, bringing joy to his parents. The story highlights themes of bravery, teamwork, and the triumph of good over evil.
jp_002	datasets/Japanese/texts/jp_002.txt	The story follows Urashima Tarō, a fisherman who saves a turtle from children, later taken to the Dragon Palace by the turtle. After three years there, he returns to find his village and family gone, realizing the palace's time is vastly different from human time. Upon opening a magical box, he ages 300 years, lamenting his lost family and the passage of time.
jp_003	datasets/Japanese/texts/jp_003.txt	In a remote village, an elderly woodcutter, Moshō, and his young apprentice, Shinokoji, survive a deadly blizzard by taking shelter in a cabin, where Moshō dies of hypothermia. During the storm, Shinokoji encounters a mysterious white-clad woman who warns him not to reveal her existence, hinting at her supernatural nature. Years later, Shinokoji marries Oyuki, a beautiful girl who reveals she is the same snow spirit who saved him, and she leaves in a spectral form after a tense confrontation, leaving their family intact. The story blends folklore, supernatural encounters, and the enduring bond between the characters.
jp_004	datasets/Japanese/texts/jp_004.txt	An elderly couple, known for their kindness, save a trapped crane, which later returns as a young woman during a snowstorm. After helping the couple and weaving a valuable fabric, the woman reveals she is the crane, expressing gratitude for their kindness and departing as a bird, leaving them to live happily with the proceeds from her work. The story highlights themes of compassion, transformation, and mutual gratitude.
jp_005	datasets/Japanese/texts/jp_005.txt	A bamboo cutter discovers a princess sleeping inside a bamboo stalk and raises her with his wife. As she grows, her beauty becomes legendary, attracting many suitors who fail to win her hand by obtaining impossible gifts. The princess reveals she is from the moon and must return to her celestial home, leaving her adoptive family heartbroken. Despite the emperor's efforts to keep her, she departs with her lunar people, taking an immortality elixir. The bamboo cutter and his wife mourn her loss, while the mountain where the elixir is made becomes known as the ""Mountain of Immortality,"" symbolizing the enduring tale of her celestial origin and the bittersweet nature of fate.
jp_006	datasets/Japanese/texts/jp_006.txt	An old man and woman trap a mischievous raccoon (tanuki) for damaging their crops, but the tanuki tricks the woman into freeing him by pretending to help, then kills her. The old man returns to find the tanuki impersonating his wife, but the rabbit (usagi) outsmarts the tanuki by burning him with firewood and later drowning him in the sea, avenging the old woman's death. The story highlights themes of trickery, justice, and the consequences of deceit.
jp_007	datasets/Japanese/texts/jp_007.txt	The kind old couple discovers treasure through their loyal dog White, becoming wealthy and using magical ash from White's remains to grow a tree and later create blossoms. Their neighbor, driven by greed, attempts to mimic their success but fails disastrously, leading to his punishment. The story contrasts kindness and greed, showing how generosity brings prosperity while envy results in ruin.
jp_008	datasets/Japanese/texts/jp_008.txt	An old man and woman, childless and caring for a sparrow chick, face consequences when the bird eats their dashi and is punished by having its tongue cut off. The old man later finds the sparrow, who gifts him a light burlap bag filled with treasures. The greedy woman, seeking more, takes the heavier bag and is trapped by magical creatures, leading to her injury and a lesson about greed. The story highlights the contrast between kindness and selfishness, with the sparrow's kindness ultimately rewarding the old man.
jp_009	datasets/Japanese/texts/jp_009.txt	A monkey tricks a crab into swapping a rice ball for a persimmon seed, keeping the rice ball for himself. The crab, eager to see the seed grow, impatiently nurtures it into a tree, but cannot reach the fruit. The monkey greedily eats all the persimmons, kills the crab by throwing a hard one, and escapes. The crab's child teams up with animals to avenge him, tricking the monkey into his downfall.
jp_010	datasets/Japanese/texts/jp_010.txt	A destitute young man, after praying to Kannon at Hasedera Temple, receives a dream instructing him to take whatever he touches first—a straw. Using it, he trades for oranges, then cloth, and eventually a horse, which leads to his wealth and a prosperous life with family. His initial poverty transforms into success through divine guidance and resourceful exchanges.
jp_011	datasets/Japanese/texts/jp_011.txt	Kin Tarō, a remarkably strong child from Sagami Province, gains fame for his feats of strength, including defeating a bear and gathering animals as retainers through wrestling matches. His bravery and power impress a renowned samurai, Ushinoyama Sadamitsu, who recognizes his potential and advises him to adopt the name Sakata Kinjirō. Kin Tarō eventually becomes a celebrated samurai, joining Minamoto no Raikō's retinue as one of the Four Heavenly Kings, cementing his legacy as a legendary warrior.
jp_012	datasets/Japanese/texts/jp_012.txt	In this story, a young daughter eagerly awaits her father's return from Kyoto, where he gifts her toys and a mirror to her mother. After the mother's death, the daughter uses the mirror to see her mother's spirit, revealing her deep longing. The father later explains the mirror's true purpose, highlighting the daughter's pure heart, while the new mother, initially suspicious, is moved by her kindness. The tale explores themes of love, memory, and the enduring bond between family.
jp_013	datasets/Japanese/texts/jp_013.txt	An elderly couple, poor but kind, make five umbrellas to buy New Year mochi. When snow forces the old man to give his last umbrella to a statue of six Bodhisattvas, he returns to find a mountain of mochi at his home as a reward for his generosity.
jp_014	datasets/Japanese/texts/jp_014.txt	The story follows a couple who pray for a child and are granted a tiny son, Ichibanshou, who remains small despite growing. After facing mockery, he journeys to Kyoto, becomes a servant in a noble household, and forms a bond with the princess. When the princess is wrongly sent away, Ichibanshou saves her from demons using a magical hammer, which grants him immense size. His noble lineage is later recognized by the emperor, leading to his rise in status and marriage to the princess.
jp_015	datasets/Japanese/texts/jp_015.txt	An old woodcutter drops rice balls into a hole, discovering a magical song that leads him to a colony of mice. The mice welcome him, offer delicious rice cakes, and gift him a magical stick that grants wishes. Using it, he fulfills his wife's desire for a baby, and they live happily ever after. The story blends wonder, kindness, and the joy of shared blessings.
jp_016	datasets/Japanese/texts/jp_016.txt	An old man with a large tumor on his cheek seeks shelter in a tree hollow during a storm, where he encounters mischievous oni (demons) who invite him to their eerie gathering. After joining their chaotic dance, the oni steal his tumor, claiming it as a lucky charm, and leave him with a newfound sense of relief. Later, a neighbor attempts to replicate the event but is tricked into losing both his tumors, highlighting the tale's themes of fate and the supernatural.
jp_017	datasets/Japanese/texts/jp_017.txt	A poor antique dealer saves a trapped raccoon, who later transforms into a golden teapot to repay him. The teapot, revealed to be the raccoon, complains about being washed and boiled, escaping as a raccoon. The dealer and raccoon team up to perform a puppet show, becoming wealthy through its success.
jp_018	datasets/Japanese/texts/jp_018.txt	A young monk insists on going chestnut-picking in the mountains despite his abbot's warning about a demon woman. After being captured by the demon, he tricks her into letting him escape using three scrolls, creating a river and forest fire to evade her. The abbot ultimately defeats the demon by tricking her into shrinking and swallowing her, leading to her transformation into flies that spread across Japan. The story highlights the monk's cleverness and the abbot's wisdom in overcoming supernatural threats.
jp_019	datasets/Japanese/texts/jp_019.txt	An elderly couple, known for their kindness, help a weak mouse gain strength by giving him rice cakes, enabling him to defeat a wealthy mouse. When the wealthy mouse requests a share, the couple generously provides more, leading the mouse to gift them a coin, transforming the couple into wealthy individuals. The story highlights that compassion and generosity ultimately bring happiness and prosperity.
jp_020	datasets/Japanese/texts/jp_020.txt	A poor man helps a wise old man, who gifts him a magical stone that produces desired items when turned right but must be stopped by turning left. The man uses it to share wealth, but his greedy brother steals the stone, misuses it to create salt, and drowns when his boat sinks under its weight. The stone continues producing salt, explaining why the sea is salty.
FA_001_en	datasets/PersianTales/texts/FA_001_en.txt	War erupts between Persia and Turan, with Sohrab leading Turanian forces to provoke Rostam into single combat, unaware he is Rostam’s son. After a fierce duel, Rostam fatally wounds Sohrab, only to learn of their kinship through a token from Tahmineh. Heartbroken, Rostam pleads for mercy, but fate seals their tragic end, as father and son reconcile at death, their pride and secrecy fueling the tragedy.
FA_002_en	datasets/PersianTales/texts/FA_002_en.txt	A prophecy foretells Feraydun's role in ending Zahhak's tyranny, prompting Kaveh to join rebels and fuel the uprising. As the movement gains momentum, Feraydun defeats Zahhak by binding him rather than killing him, symbolizing justice over vengeance. Kaveh's apron becomes a symbol of resistance, marking the triumph of solidarity over tyranny. The story frames rebellion as a righteous duty, replacing fear with collective empowerment.
FA_003_en	datasets/PersianTales/texts/FA_003_en.txt	Sam repents for losing his son Zal and seeks the Simurgh, who returns him on the condition of love, leading to their reconciliation and Zal's growth as a skilled archer and sage. When Zal marries Rudabeh, the Simurgh’s feather reassures Sam and aids Rudabeh’s childbirth, symbolizing the harmony between human and mythic realms through compassion and wisdom.
FA_004_en	datasets/PersianTales/texts/FA_004_en.txt	Rostam, Iran's protector, overcomes seven perilous trials, including defeating a dragon, resisting an enchantress, and surviving poisoned feasts, showcasing his strength, vigilance, and faith. In the final trials, he blinds the White Demon and uses its blood to restore sight to Kay Kavus and his men, ultimately proving his heroic role in safeguarding Iran.
FA_005_en	datasets/PersianTales/texts/FA_005_en.txt	Rostam, betrayed by his son Shaghad, uses his final strength to kill the traitor with an arrow before dying beside his loyal horse Rakhsh. His demise underscores the destructive power of betrayal and fate, even for a mighty hero. The story highlights how family treachery can unravel even the greatest champions.
FA_006_en	datasets/PersianTales/texts/FA_006_en.txt	Hassan rescues a clever maiden from an ogre by using a comb, salt, and waterskin to create obstacles—first a forest, then a mountain, and finally an impassable river—blocking the ogre's pursuit. After escaping, they reach safety, and Hassan marries the maiden, celebrated for her courage and wit. The story highlights their teamwork and ingenuity against the ogre's threat.
FA_007_en	datasets/PersianTales/texts/FA_007_en.txt	A clever girl outsmarts a demon by luring him to sleep, stealing his gifts and key-ring, and escaping on her donkey. Using items from his belongings, she creates obstacles—soap turns to foam, a comb grows into thorns, and a needle forms briars—to thwart his pursuit. She returns home with the treasure, celebrated for her wit and courage, while the demon is defeated.
FA_008_en	datasets/PersianTales/texts/FA_008_en.txt	On her wedding night, the bride and her loyal servant steal a donkey carrying three magical objects—pepper, a comb, and a mirror—to escape a coercive marriage. As the lord pursues them, each item triggers a perilous obstacle: a sandstorm, a thorn forest, and glassy shards, forcing him to halt. They reunite with her beloved pepper-seller at a caravanserai, where the community supports their union, allowing them to marry freely after outwitting the antagonist.
FA_009_en	datasets/PersianTales/texts/FA_009_en.txt	Taleb and Zohreh elope at night, carrying three objects, and evade their pursuing brothers by transforming them into a thorn forest, a sea, and a blinding fog. After outwitting their pursuers, they seek refuge with allied kin, where Taleb’s songs announce their marriage, leaving Zohreh’s former suitor behind. The story highlights their daring escape and the symbolic power of the objects to overcome obstacles.
FA_010_en	datasets/PersianTales/texts/FA_010_en.txt	Jamasp, after years in darkness, escapes underground with Shahmaran's help, prospering from her remedies. When the king falls ill, the vizier demands serpent flesh, leading to a search where Jamasp reveals Shahmaran's pool. She sacrifices herself, instructing Jamasp to bathe in her blood to cure the king, which he does, killing the vizier in the process. Guilt-ridden, Jamasp becomes the royal healer, burdened by betraying his serpent bride-teacher.
FA_011_en	datasets/PersianTales/texts/FA_011_en.txt	A couple, living with their child, faces a taboo when jealous relatives or a nosy guest discovers their hidden cloak. The pari, forced to return to her sky or mountain realm, leaves clues for Yusef to prove his love. With a hermit's aid, Yusef navigates the trail, completes trials, and reunites with the pari, restoring balance between their worlds.
FA_012_en	datasets/PersianTales/texts/FA_012_en.txt	A rival sorcerer-king kidnaps the peri, prompting her mother to gift Arsalan a magic ring and flying steed to rescue her. Arsalan navigates enchanted realms, overcoming trials and using clues from the peri to outwit the sorcerer, ultimately freeing her and exposing him. Their union symbolizes human courage and peri aid, with the flying horse bridging the human and fairy realms.
FA_013_en	datasets/PersianTales/texts/FA_013_en.txt	The story follows a cunning cat who deceives mice by preaching sermons and devouring devout ones, then pretends to be a doctor to lure the sick. A skeptical mouse exposes his hypocrisy when the cat cannot explain bloody whiskers, revealing his true nature. The tale critiques false piety and blind trust, urging listeners to scrutinize claims of sanctity.
FA_014_en	datasets/PersianTales/texts/FA_014_en.txt	Aladdin, aided by a jinni, builds a dazzling palace and wins Princess Badr al-Budur’s hand. A jealous sorcerer tricks Aladdin’s wife into trading the lamp for new ones, stealing it and teleporting the palace away. Aladdin uses the ring-spirit to locate the palace, outsmarts the sorcerer with a sleeping draught, kills him, and reclaims the lamp. He restores the palace and regains his honor.
FA_015_en	datasets/PersianTales/texts/FA_015_en.txt	A prince meets a radiant princess, vows to marry her, but a jealous sorcerer steals her horse and abducts her. The prince recovers the horse, outwits the sorcerer, and rescues the princess, escaping by air. They expose the sorcerer, wed, and keep the ebony horse as their connection between realms.
FA_016_en	datasets/PersianTales/texts/FA_016_en.txt	A group of travelers navigates trials of greed and pride, encountering moral lessons in petrified corpses and magical obstacles. They reach the desolate City of Brass, where empty halls and glassy queens reveal the fate of those who defied humility. Taking relics, they depart humbled, as the story concludes with a warning about the fleeting nature of power and human mortality.
FA_017_en	datasets/PersianTales/texts/FA_017_en.txt	A cunning fisherman outwits a boastful jinni by trapping him in a lead-sealed bottle, demanding wealth and safety before releasing him. The jinni leads the fisherman to a cursed palace hiding treasure and transformation tales, ultimately proving that wit and caution protect the weak from the powerful.
FA_018_en	datasets/PersianTales/texts/FA_018_en.txt	In a tale of seasonal lovers, two figures are bound by the cycle of time, missing each other by moments as seasons shift. Their unfulfilled longing explains the transition from winter to spring, yet their constancy is rewarded with renewal. The story blends tenderness and regret, teaching that timing shapes fleeting, cherished encounters. Children learn to cherish these brief meetings, marked by the calendar's rhythm.
FA_019_en	datasets/PersianTales/texts/FA_019_en.txt	A cobbler, aided by a brave helper, defeats a monstrous div using a needle, soap, and salt to create thorns, slippery ground, and a lake, thwarting the creature's chase. The helper is rewarded in town, and in some versions, the cobbler marries her. The story highlights clever use of simple items to overcome a supernatural threat.
FA_020_en	datasets/PersianTales/texts/FA_020_en.txt	A prince marries a mysterious woman discovered singing by a tree, despite rumors about her origins. When a jealous rival harms or replaces her, the true bride survives in disguise or as a natural symbol, enduring betrayal. With help from tree tokens or a loyal ally, she is vindicated, the rival punished, and the prince restores her honor. The story highlights themes of loyalty, resilience, and the triumph of truth over deceit.
FA_021_en	datasets/PersianTales/texts/FA_021_en.txt	The shepherd outsmarts a pursuing witch by transforming a needle into a thorn forest, salt into a mountain, and water into an impassable river, forcing her to retreat. He rescues his kidnapped daughter, and the couple marries with the village's approval, celebrating his courage and foresight. The story highlights the shepherd's cleverness and the witch's defeat through natural obstacles.
FA_022_en	datasets/PersianTales/texts/FA_022_en.txt	Shirin and Talkhab escape their wedding night by fleeing with a servant, evading the pursuing lord. Using magical items—pepper to create a sandstorm, a spindle to form a mountain, and water to flood a river—they block his path, forcing him to retreat. They eventually marry freely in a neighboring village, supported by the community.
FA_023_en	datasets/PersianTales/texts/FA_023_en.txt	Judar and the ifrit’s daughter escape a cave with riches, but the ifrit pursues them, unleashing a fiery storm. Using enchanted items—henna, millet, and oil—Judar defeats the ifrit, transforming them into a choking fog, blinding birds, and a wall of flame. The ifrit retreats, and Judar and the daughter settle in the city, marrying and freeing her from servitude.
FA_024_en	datasets/PersianTales/texts/FA_024_en.txt	The daughter escapes at night, prompting the div to pursue her. She conjures obstacles—thorn forests, blinding fog, and brambles—that trap the div, leading to its defeat. Returning home, she is welcomed, marries a neighbor, and the old woman (likely the div) is ultimately freed.
FA_025_en	datasets/PersianTales/texts/FA_025_en.txt	Hassan and the peri flee from an ogre, using magical items to create barriers and a river that halt the creature. By transforming threats into natural defenses, Hassan defeats the ogre, ensuring their safety. He then brings the peri to town, where they marry, ending the ogre's menace and securing peace.
FA_026_en	datasets/PersianTales/texts/FA_026_en.txt	A swan maiden and a hunter marry, have a child, and face conflict when jealous kin steal her magical cloak. She must return to the sky, leaving clues for the hunter to follow. He journeys to the celestial realm, completes trials, and earns her return, reuniting them after overcoming challenges.
FA_027_en	datasets/PersianTales/texts/FA_027_en.txt	A young person and a mystical being live happily until a rival mocks the latter's origin, prompting the youth to reveal a forbidden secret. Bound by the broken taboo, the being retreats into a tree, leaving a token and petals guiding the youth to her realm. After completing trials set by her kin, the youth earns permission to reunite with her, restoring trust and their bond.
FA_028_en	datasets/PersianTales/texts/FA_028_en.txt	Jealous kin burn the serpent skin, forcing the maiden to return to her spring. She leaves clues for her loyal husband, who proves his devotion by bathing there. The serpent wife, now human, breaks her curse and reunites with him.
FA_029_en	datasets/PersianTales/texts/FA_029_en.txt	The prince, pressured by a rival vizier to break his vow, causes the pari to leave. Repenting, he climbs the glass peak, passes her kin's trials, and brings her back, restoring their marriage and disgracing the vizier.
FA_030_en	datasets/PersianTales/texts/FA_030_en.txt	A happy couple, with a child, faces a crisis when a guest discovers a hidden magical cloak belonging to the mother, a pari. The pari must return to the sky, leaving a silver thread to a mountain pass. A devoted woodcutter follows the thread, weaves a bridge, and proves his loyalty, earning the right to reunite with her. Though the cloak remains with the pari, their bond endures through shared devotion.